Material,Apresentação farmacêutica,Via de administração,Antibiótico (Sim/Não),Tipo,Subtipo,Origem do recurso
"ACETATO DE LEUPRORRELINA 22,5MG",Injetáveis,Injetável,Não,Não Antibiótico,,Próprio hospital
"ACETATO DE LEUPRORRELINA 7,5MG",Injetáveis,Injetável,Não,Não Antibiótico,,Próprio hospital
ACETATO DE RETINOL AMINOÁCIDO-METIONINA-CLORANFENICOL POMADA,Pomada,Tópica,Não,Não Antibiótico,,Próprio hospital
ACETAZOLAMIDA 250 MG,Comprimido,Oral,Não,Não Antibiótico,,Próprio hospital
ACICLOVIR 200 MG COMPRIMIDO,Comprimido,Oral,Não,Não Antibiótico,,Próprio hospital
ACICLOVIR 250 MG INJETÁVEL,Injetável,Injetável,Não,Não Antibiótico,,Próprio hospital
ACICLOVIR 5% CREME,Creme,Tópica,Não,Não Antibiótico,,Próprio hospital
ÁCIDO ACETIL SALICILICO 100 MG,Comprimido,Oral,Não,Não Antibiótico,,Próprio hospital
ÁCIDO EPSILON AMINOCAPROICO 1G/20ML,Solução,Intravenosa,Não,Não Antibiótico,,Próprio hospital
ÁCIDO EPSILON AMINOCAPROICO 4G/20ML,Solução,Intravenosa,Não,Não Antibiótico,,Próprio hospital
ÁCIDO FOLICO 5 MG,Comprimido,Oral,Não,Não Antibiótico,,Próprio hospital
ÁCIDO TRANEXAMICO 250MG COMPRIMIDO,Comprimido,Oral,Não,Não Antibiótico,,Próprio hospital
ÁCIDO TRANEXAMICO 50 MG/ML INJETÁVEL,Injetável,Injetável,Não,Não Antibiótico,,Próprio hospital
ÁCIDO TRICLOROACÉTICO 70% SOLUÇÃO 30 ML,Solução,Tópica,Não,Não Antibiótico,,Próprio hospital
ÁCIDO TRICLOROACÉTICO 80% SOLUÇÃO,Solução,Tópica,Não,Não Antibiótico,,Próprio hospital
ÁCIDO VALPROICO 250 MG,Cápsula,Oral,Não,Não Antibiótico,,Próprio hospital
ÁCIDO ZOLEDRONICO 4MG INJ,Injetável,Injetável,Não,Não Antibiótico,,Próprio hospital
ADENOSINA 3 MG/ML 2ML,Ampola,Injetável,Não,Não Antibiótico,,Próprio hospital
AGUA DE INJEÇÃO 250 ML,Solução,Injetável,Não,Não Antibiótico,,Próprio hospital
AGUA DE INJEÇÃO 500 ML,Solução,Injetável,Não,Não Antibiótico,,Próprio hospital
AGUA DESTILADA 10ML,Ampola,Injetável,Não,Material,,Próprio hospital
AGUA OXIGENADA 10 VOLUMES  FR 1000 ML,Frasco,Tópica,Não,Não Antibiótico,,Próprio hospital
AGUA OXIGENADA 10 VOLUMES FR 100 ML,Frasco,Tópica,Não,Não Antibiótico,,Próprio hospital
ALBENDAZOL 400 MG,Comprimido,Oral,Não,Não Antibiótico,,Próprio hospital
ALBUMINA HUMANA 200 MG/ML 50 ML,Solução,Injetável,Não,Não Antibiótico,,Próprio hospital
ÁLCOOL GEL 70% 1000ML,Frasco,Tópica,Não,Não Antibiótico,,Próprio hospital
ÁLCOOL GEL 70% 100ML,Frasco,Tópica,Não,Material,,Próprio hospital
ÁLCOOL GEL 70% 430G,Frasco,Tópica,Não,Material,,Próprio hospital
ÁLCOOL GEL 70% 500ML,Frasco,Tópica,Não,Material,,Próprio hospital
ÁLCOOL GEL 70% GALÃO 5L,Frasco,Tópica,Não,Material,,Próprio hospital
ÁLCOOL LÍQUIDO 70% 1000 ML,Frasco,Tópica,Não,Material,,Próprio hospital
ÁLCOOL LÍQUIDO 70% GALÃO 5L,Frasco,Tópica,Não,Material,,Próprio hospital
ALENDRONATO DE SÓDIO 70 MG,Comprimido,Oral,Não,Não Antibiótico,,Próprio hospital
"ALFENTANILA 0,544MG/ML INJETÁVEL AMP 5ML",Injetável,Injetável,Não,Não Antibiótico,,Próprio hospital
ALOPURINOL 100 MG,Comprimido,Oral,Não,Não Antibiótico,,Próprio hospital
"ALTEPLASE, CONCETRAÇÃO 50 MG, USO INJETÁVEL",Frasco,Injetável,Não,Não Antibiótico,,Próprio hospital
AMICACINA 250 MG/ML 2 ML,Ampola,Intramuscular,Sim,Antibiótico,,Próprio hospital
AMINOFILINA 24MG/ML AMPOLA 10 ML,Ampola,Injetável,Não,Não Antibiótico,,Próprio hospital
AMIODARONA 200 MG,Comprimido,Oral,Não,Não Antibiótico,,Próprio hospital
AMIODARONA 50MG/ML AMPOLA 3ML,Ampola,Injetável,Não,Não Antibiótico,,Próprio hospital
AMITRIPTILINA 25 MG,Comprimido,Oral,Não,Não Antibiótico,,Próprio hospital
AMOXICILINA + AC. CLAVULANICO 1G,Injetáveis,Intramuscular,Sim,Antibiótico,,Próprio hospital
AMOXICILINA 500 MG,Injetáveis,Intramuscular,Sim,Antibiótico,,Próprio hospital
AMPICILINA + SULBACTAN 3 GRAMA,Injetáveis,Intramuscular,Sim,Antibiótico,,Próprio hospital
AMPICILINA 1G,Injetáveis,Intramuscular,Sim,Antibiótico,,Próprio hospital
"AMPICILINA 1G + SULBACTAM 0,5G PO",Injetáveis,Intramuscular,Sim,Antibiótico,,Próprio hospital
ANASTROZOL 1MG,Comprimido,Oral,Não,Não Antibiótico,,Próprio hospital
ANESTÉSICO TÓPICO GEL COM BENZOCAINA 20%,Gel,Tópica,Não,Não Antibiótico,,Próprio hospital
ANFOTERICINA B 50MG,Injetáveis,Intramuscular,Sim,Antibiótico,,Próprio hospital
ANFOTERICINA B LIPOSSOMAL 50MG FR/AMP,Injetáveis,Intramuscular,Sim,Antibiótico,,Próprio hospital
ANIDULAFUNGINA 100MG PÓ INJ.,Pó,Injetável,Não,Não Antibiótico,,Próprio hospital
ANLODIPINA 5MG COMPRIMIDO,Comprimido,Oral,Não,Não Antibiótico,,Próprio hospital
ARTICAÍNA 4% C/ EPINEFRINA,Solução,Subcutânea,Não,Não Antibiótico,,Próprio hospital
ATENOLOL 25 MG,Comprimido,Oral,Não,Não Antibiótico,,Próprio hospital
ATENOLOL 50MG,Comprimido,Oral,Não,Não Antibiótico,,Próprio hospital
"ATRACURIO 10 MG/ML 2,5 ML",Ampola,Injetável,Não,Não Antibiótico,,Próprio hospital
ATRACÚRIO BESILATO INJETÁVEL 5 ML,Injetáveis,Injetáveis,Não,Não Antibiótico,,Próprio hospital
ATROPINA SULFATO 0.25MG/ML 1ML,Ampola,Injetável,Não,Não Antibiótico,,Próprio hospital
ATROPINA SULFATO 0.5% SOL OFTALM,Solução,Oftálmica,Não,Não Antibiótico,,Próprio hospital
ATROPINA SULFATO 1 % SOL OFTALM,Solução,Oftálmica,Não,Não Antibiótico,,Próprio hospital
AZATIOPRINA 50MG,Comprimido,Oral,Não,Não Antibiótico,,Próprio hospital
AZITROMICINA 500MG COMPRIMIDO,Comprimidos,Oral,Sim,Antibiótico,,Próprio hospital
AZITROMICINA IV 500MG PO INJETAVEL,Pó,Injetáveis,Sim,Antibiótico,,Próprio hospital
AZTREONAM 1GR,Pó,Injetável,Sim,Antibiótico,,Próprio hospital
"AZUL BRILHANTE G 0,05 ESTÉRIL INTRAOCULAR 1 ML",Solução,Oftálmica,Não,Não Antibiótico,,Próprio hospital
AZUL DE METILENO 1% AMP DE 5 ML ESTERIL IV,Ampola,Sublingual,Não,Não Antibiótico,,Próprio hospital
"AZUL DE TRYPAN (OCULAR) 10 MCG/1 ML - (0,1%) - AMPOLA COM 1M",Ampola,Oftálmica,Não,Não Antibiótico,,Próprio hospital
"AZUL PATENTE 2,5% 2ML",Ampola,Injetável,Não,Não Antibiótico,,Próprio hospital
BACLOFENO 10MG,Comprimido,Oral,Não,Não Antibiótico,,Próprio hospital
BICALUTAMIDA 50 MG,Comprimido,Oral,Não,Não Antibiótico,,Próprio hospital
"BICARBONATO SODIO 8,4% 1 MEQ/ML 10ML",Solução,Injetável,Não,Não Antibiótico,,Próprio hospital
BISACODIL 5MG,Comprimido,Oral,Não,Não Antibiótico,,Próprio hospital
BITARTARATO DE METARAMINOL,Solução,Injetável,Não,Não Antibiótico,,Próprio hospital
BLEOMICINA 15U,Pó,Injetável,Não,Não Antibiótico,,Próprio hospital
BROMETO IPRATROPIO 20ML,Solução,Inalatória,Não,Não Antibiótico,,Próprio hospital
BROMOPRIDA  5MG/ML - INJETÁVEL AMPOLA 2ML,Ampola,Injetáveis,Não,Não Antibiótico,,Próprio hospital
BROMOPRIDA 10MG COMPRIMIDO,Comprimido,Oral,Não,Não Antibiótico,,Próprio hospital
"BUDESONIDA 0,5 MG/ML 2 ML",Frasco,Inalatória,Não,Não Antibiótico,,Próprio hospital
"BUPIVACAINA  ISOBARICA  0,5% 4 ML",Ampola,Injetável,Não,Não Antibiótico,,Próprio hospital
BUPIVACAINA + GLICOSE AMP 4ML,Ampola,Injetável,Não,Não Antibiótico,,Próprio hospital
"BUPIVACAINA 0,5% 20ML EMBAL ESTERIL",Ampola,Injetável,Não,Não Antibiótico,,Próprio hospital
"BUPIVACAINA 0,5%+EPI 1:200.000 20ML EMB ESTER",Ampola,Injetável,Não,Não Antibiótico,,Próprio hospital
"BUPIVACAINA 0,75% + EPINEFRINA AMPOLA 20 ML",Ampola,Injetável,Não,Não Antibiótico,,Próprio hospital
BUPIVACAINA 0.75% 20ML EMBAL ESTERIL SEM VASO,Ampola,Injetável,Não,Não Antibiótico,,Próprio hospital
CALCIO 500 MG + 400 VIT D,Comprimido,Oral,Não,Não Antibiótico,,Próprio hospital
CALCIO 500MG + VIT D3 200UI,Comprimido,Oral,Não,Não Antibiótico,,Próprio hospital
CALCIO 600MG + VIT D3 400UI,Comprimido,Oral,Não,Não Antibiótico,,Próprio hospital
CAPECITABINA 150MG,Comprimido,Oral,Não,Não Antibiótico,,Próprio hospital
CAPECITABINA 500MG,Comprimido,Oral,Não,Não Antibiótico,,Próprio hospital
CAPTOPRIL 25 MG COMP.,Comprimido,Oral,Não,Não Antibiótico,,Próprio hospital
"CARBACOL SOL. OFT. O,O1%  FRA",Frasco,Injetável,Não,Não Antibiótico,,Próprio hospital
CARBAMAZEPINA 200 MG COMP,Comprimido,Oral,Não,Não Antibiótico,,Próprio hospital
CARBONATO DE CALCIO 1.250MG (CALCIO 500MG) COMP,Comprimido,Oral,Não,Não Antibiótico,,Próprio hospital
CARBOPLATINA 150 MG,Frasco,Injetável,Não,Não Antibiótico,,Próprio hospital
CARBOPLATINA 450 MG,Frasco,Injetável,Não,Não Antibiótico,,Próprio hospital
CARBOPLATINA 50 MG,Frasco,Injetável,Não,Não Antibiótico,,Próprio hospital
"CARVEDILOL 12,5MG COMPRIMIDO",Comprimido,Oral,Não,Não Antibiótico,,Próprio hospital
CARVEDILOL 25MG,Comprimido,Oral,Não,Não Antibiótico,,Próprio hospital
"CARVEDILOL 3,125 MG","CARVEDILOL 3,125 MG","CARVEDILOL 3,125 MG",Não,Não Antibiótico,,Próprio hospital
"CARVEDILOL 6,25 MG","CARVEDILOL 3,125 MG","CARVEDILOL 3,125 MG",Não,Não Antibiótico,,Próprio hospital
CEFALEXINA 500 MG COMPRIMIDO,Comprimidos,Oral,Sim,Antibiótico,,Próprio hospital
CEFALOTINA 1000 MG SOL.INJ.FR/AMP,Ampola,Injetáveis,Sim,Antibiótico,,Próprio hospital
CEFAZOLINA 1G FRA,Frasco,Injetáveis,Sim,Antibiótico,,Próprio hospital
CEFEPIME 1G,Ampola,Intramuscular,Sim,Antibiótico,,Próprio hospital
CEFEPIME 2G,Ampola,Intramuscular,Sim,Antibiótico,,Próprio hospital
CEFOXITINA 1000 MG /FRA SOL. INJETAVEL,Solução,Injetáveis,Sim,Antibiótico,,Próprio hospital
"CEFTAZIDIMA + AVIBACTAM 2,5G",Frasco,Injetável,Sim,Antibiótico,,Próprio hospital
CEFTAZIDIMA 1000 MG SOL.INJ. FRA,Frasco,Injetáveis,Sim,Antibiótico,,Próprio hospital
CEFTRIAXONA 1000 MG SOL.INJ. FRA,Frasco,Injetáveis,Sim,Antibiótico,,Próprio hospital
CEFUROXIMA 750 MG FRA,Frasco,Injetáveis,Sim,Antibiótico,,Próprio hospital
CETAMINA S 50MG/ML 10 ML FRA,Frasco,Injetáveis,Não,Não Antibiótico,,Próprio hospital
CETAMINA S 50MG/ML 2ML FRA,Frasco,Injetáveis,Não,Não Antibiótico,,Próprio hospital
CETOCONAZOL 20MG BISNAGA,Bisnaga,Tópica,Não,Não Antibiótico,,Próprio hospital
CETOPROFENO 100 MG,Comprimidos,Oral,Não,Não Antibiótico,,Próprio hospital
CETOPROFENO IM 50MG/ML AMPOLA  2 ML,Ampola,Injetáveis,Não,Não Antibiótico,,Próprio hospital
CETOPROFENO IV 100MG PÓ LIÓFILO INJETÁVEL,Pó,Injetáveis,Não,Não Antibiótico,,Próprio hospital
CIANOCOBALAMINA (VITAMINA B12) 5.000MCG,Solução,Injetável,Não,Não Antibiótico,,Próprio hospital
CICLOFOSFAMIDA 1000 MG FR/AMP,Frasco,Injetáveis,Não,Não Antibiótico,,Próprio hospital
CICLOFOSFAMIDA 200 MG FR/AMP,Frasco,Injetáveis,Não,Não Antibiótico,,Próprio hospital
CICLOFOSFAMIDA 50 MG DRAG,Comprimido,Oral,Não,Não Antibiótico,,Próprio hospital
CICLOPENTOLATO 1% SOL. OFTALM. FR,Solução,Oftálmica,Não,Não Antibiótico,,Próprio hospital
CILOSTAZOL 100MG - (COMPRIMIDO),Comprimidos,Oral,Não,Antibiótico,,Próprio hospital
CINCHOCAINA E POLICRESULENO - BISNAGA DE 30G,Creme,Retal,Não,Não Antibiótico,,Próprio hospital
CIPROFLOXACINA 500MG COMP,Comprimido,Oral,Sim,Antibiótico,,Próprio hospital
CIPROFLOXACINO  2MG/ML  100 ML BOLSA,Bolsa,Injetável,Sim,Antibiótico,,Próprio hospital
CIPROFLOXACINO 2MG/ML BOLSA 200 ML,Bolsa,Injetável,Sim,Antibiótico,,Próprio hospital
"CIPROFLOXACINO 3,5MG/ML + DEXAMETASONA 1MG /ML 5 ML",Solução,Oftálmica,Sim,Antibiótico,,Próprio hospital
"CIPROFLOXACINO 3,5MG/ML 5 ML",Solução,Oftálmica,Sim,Antibiótico,,Próprio hospital
CISATRACURIO BESILATO 2MG/ML INJETÁVEL,Injetáveis,Injetáveis,Não,Não Antibiótico,,Próprio hospital
CISPLATINA 10 MG 1MG/ML,Solução,Injetável,Não,Não Antibiótico,,Próprio hospital
CISPLATINA 100 MG,Solução,Injetável,Não,Não Antibiótico,,Próprio hospital
CISPLATINA 50 MG 1MG/ML,Solução,Injetável,Não,Não Antibiótico,,Próprio hospital
CITRATO DE SÓDIO 4% - BOLSA 2L,Bolsa,,Não,Não Antibiótico,,Próprio hospital
CLARITROMICINA 500MG CMP,Comprimidos,Oral,Sim,Antibiótico,,Próprio hospital
CLARITROMICINA 500MG FRA,Frasco,Injetáveis,Sim,Antibiótico,,Próprio hospital
CLINDAMICINA 600 MG/4 ML,Cápsulas,Oral,Sim,Antibiótico,,Próprio hospital
CLONAZEPAM 0.5 MG COMP,Comprimidos,Oral,Não,Não Antibiótico,,Próprio hospital
CLONAZEPAM 2 MG COMP,Comprimidos,Oral,Não,Não Antibiótico,,Próprio hospital
CLONIDINA 100 MCG COMP,Comprimidos,Oral,Não,Não Antibiótico,,Próprio hospital
CLONIDINA 150 MCG COMP,Comprimidos,Oral,Não,Não Antibiótico,,Próprio hospital
CLONIDINA 150 MCG/ML  AMPOLA,Ampola,Injetável,Não,Não Antibiótico,,Próprio hospital
"CLOPIDOGREL 75 MG, CP",Comprimidos,Oral,Não,Não Antibiótico,,Próprio hospital
CLORETO DE CÁLCIO 10% 10 ML AMP,Ampola,Injetável,Não,Não Antibiótico,,Próprio hospital
CLORETO DE POTASSIO 60MG/ML SOLUÇÃO ORAL,Solução,Oral,Não,Não Antibiótico,,Próprio hospital
"CLORETO DE SÓDIO 0,9% 100 ML",Bolsa,Injetável,Não,Não Antibiótico,,Próprio hospital
"CLORETO DE SÓDIO 0,9% 1000ML",Bolsa,Injetável,Não,Não Antibiótico,,Próprio hospital
"CLORETO DE SÓDIO 0,9% 250 ML",Bolsa,Injetável,Não,Não Antibiótico,,Próprio hospital
"CLORETO DE SÓDIO 0,9% 50 ML",Bolsa,Injetável,Não,Não Antibiótico,,Próprio hospital
"CLORETO DE SÓDIO 0,9% 500 ML",Bolsa,Injetável,Não,Não Antibiótico,,Próprio hospital
"CLORETO DE SÓDIO 0,9% AMP 10ML",Bolsa,Injetável,Não,Não Antibiótico,,Próprio hospital
CLORETO DE SÓDIO 10% AMP 10 ML,Bolsa,Injetável,Não,Não Antibiótico,,Próprio hospital
CLORETO DE SÓDIO 20% AMP 10 ML,Bolsa,Injetável,Não,Não Antibiótico,,Próprio hospital
CLORETO FERRICO 50%  30G,Solução,Injetável,Não,Não Antibiótico,,Próprio hospital
"CLORETO POTASSIO 10% 1,34 MEQ/ML 10 ML AMP",Ampola,Injetável,Não,Não Antibiótico,,Próprio hospital
"CLOREXIDINA 0,12% BUCAL - 100 ML",Solução,Bucal,Não,Não Antibiótico,,Próprio hospital
"CLOREXIDINA 0,12% BUCAL - 250 ML",Solução,Bucal,Não,Não Antibiótico,,Próprio hospital
"CLOREXIDINA 0,12% BUCAL - 500 ML",Solução,Bucal,Não,Não Antibiótico,,Próprio hospital
"CLOREXIDINA 0,2% AQUOSA - 1000ML",Solução,Tópica,Não,Não Antibiótico,,Próprio hospital
"CLOREXIDINA 0,2% AQUOSA - 100ML",Solução,Tópica,Não,Não Antibiótico,,Próprio hospital
"CLOREXIDINA 0,5%  ALCOÓLICA - 100ML",Solução,Tópica,Não,Não Antibiótico,,Próprio hospital
"CLOREXIDINA 0,5% ALCOÓLICA - 1000ML",Solução,Tópica,Não,Não Antibiótico,,Próprio hospital
"CLOREXIDINA 0,5% ALCOÓLICA - 1L",Frasco,Tópica,Não,Não Antibiótico,,Próprio hospital
CLOREXIDINA 2% AQUOSA 1000ML,Solução,Tópica,Não,Não Antibiótico,,Próprio hospital
CLOREXIDINA 2% DEGERMANTE - 100 ML,Solução,Tópica,Não,Não Antibiótico,,Próprio hospital
CLOREXIDINA 2% DEGERMANTE - 1000 ML,Solução,Tópica,Não,Não Antibiótico,,Próprio hospital
CLOREXIDINA 2% GEL,Gel,Tópica,Não,Não Antibiótico,,Próprio hospital
CLOROQUINA 150MG COMP,Comprimido,Oral,Não,Não Antibiótico,,Próprio hospital
CLORPROMAZINA 100 MG COMP,Comprimido,Oral,Não,Não Antibiótico,,Próprio hospital
CLORPROMAZINA 25 MG COMP,Comprimido,Oral,Não,Não Antibiótico,,Próprio hospital
CODEINA 30 MG - CMP,Comprimido,Oral,Não,Não Antibiótico,,Próprio hospital
COLAGENASE 0.6UI+CLORAFENICOL 0.01G 30GR TUBO,Tubo,Tópica,Não,Não Antibiótico,,Próprio hospital
"COLAGENASE, 0,6U-POMADA - TUBO 30G",Tubo,Tópica,Não,Não Antibiótico,,Próprio hospital
COLCHICINA 0.5 MG COMP,Comprimido,Oral,Não,Não Antibiótico,,Próprio hospital
COLECALCIFEROL (VIT.D) 3.300 UI/ML (132 UI/GOTA),Soluções orais,Oral,Não,Não Antibiótico,,Próprio hospital
COLECALCIFEROL (VITAMINA D) 200UI SOL. ORAL,Solução,Oral,Não,Não Antibiótico,,Próprio hospital
COMPLEXO PROTROMBINICO  HUMANO 500 UI TIPO BERIPLEX,Ampola,Injetável,Não,Não Antibiótico,,Próprio hospital
CONTRASTE RADIOLÓGICO ÁCIDO GADOTÉRICO 10 ML,Ampola,Injetável,Não,Não Antibiótico,,Próprio hospital
CONTRASTE RADIOLÓGICO ÁCIDO GADOTÉRICO 15 ML,Ampola,Injetável,Não,Não Antibiótico,,Próprio hospital
CONTRASTE RADIOLÓGICO IOBITRIDOL 300MG/ML FRASCO 50ML,Ampola,Injetáveis,Não,Não Antibiótico,,Próprio hospital
CONTRASTE RADIOLÓGICO IOPAMIDOL 612 MG/ML 100ML (IOPAMIRON 300),Solução,Injetável,Não,Não Antibiótico,,Próprio hospital
CONTRASTE RADIOLÓGICO SULFATO DE BÁRIO,Sal,Oral,Não,Não Antibiótico,,Próprio hospital
"CONTRASTE RADIOLÓGICO, NÃO IÔNICO, IOEXOL 300MG IODO/ML 100ML",Solução,Injetável,Não,Não Antibiótico,,Próprio hospital
"CONTRASTE RADIOLÓGICO, NÃO IÔNICO, IOEXOL 300MG IODO/ML 50ML",Solução,Injetável,Não,Não Antibiótico,,Próprio hospital
"CONTRASTE RADIOLÓGICO, NÃO IÔNICO, IOVERSOL 320MG IODO/ML 50ML",Solução,Injetável,Não,Não Antibiótico,,Próprio hospital
"CONTRASTE RADIOLÓGICO, NÃO IÔNICO, IOVERSOL 350MG IODO/ML 50ML",Solução,Injetável,Não,Não Antibiótico,,Próprio hospital
"CONTRASTE RADIOLÓGICO, NÃO IÔNICO, IOVERSOL/IOEXOL 350MG IODO/ML 100ML",Solução,Injetável,Não,Não Antibiótico,,Próprio hospital
CREME BARREIRA,Creme,Tópica,Não,Material,,Próprio hospital
CREME BARREIRA (HIDRATANTE),Creme,Tópica,Não,Material,,Próprio hospital
DAPTOMICINA 500 MG INJETÁVEL.,Injetáveis,Injetáveis,SIm,Antibiótico,,Próprio hospital
"DESLANOSIDO 0,2 MG/ML AMP 2ML",Ampola,Injetáveis,Não,Não Antibiótico,,Próprio hospital
"DESMOPRESSINA 2,5 ML FR - SOL. NASAL",Solução,Nasal,Não,Não Antibiótico,,Próprio hospital
DEXAMETASONA 2MG/ML AMPOLA 1ML,Ampola,Injetável,Não,Não Antibiótico,,Próprio hospital
DEXAMETASONA 4 MG COMP,Comprimido,Oral,Não,Não Antibiótico,,Próprio hospital
"DEXAMETASONA FOSFATO 4MG/ML 2,5 ML FR/AMP",Frasco,Injetável,Não,Não Antibiótico,,Próprio hospital
DEXCLORFENIRAMINA 2MG,Comprimido,Oral,Não,Não Antibiótico,,Próprio hospital
DEXCLORFENIRAMINA SOLUCAO ORAL,Soluções orais,Oral,Não,Não Antibiótico,,Próprio hospital
"DEXMEDETOMEDINA  4MCG/ML BOLSA 100ML
",Bolsa,Intravenosa,Não,Não Antibiótico,,Próprio hospital
DEXMEDETOMEDINA 100 MCG/ML  AMPOLA 2ML,Ampola,Injetável,Não,Não Antibiótico,,Próprio hospital
DIAZEPAM 10 MG COMP,Comprimido,Oral,Não,Não Antibiótico,,Próprio hospital
DIAZEPAM 10MG/ 2ML AMP,Ampola,Injetável,Não,Não Antibiótico,,Próprio hospital
DIAZEPAM 5 MG COMP,Comprimido,Oral,Não,Não Antibiótico,,Próprio hospital
DIFENIDRAMINA 50 MG/ML - AMPOLA C/ 01 ML,Ampola,Injetável,Não,Não Antibiótico,,Próprio hospital
DIGOXINA 0.25 MG - COMP,Comprimido,Oral,Não,Não Antibiótico,,Próprio hospital
DIMENIDRATO B6 INTRAVENOSO AMPOLA 10ML,Ampola,Injetável,Não,Não Antibiótico,,Próprio hospital
DIMENIDRINATO 50MG + PIRIDOXIMA 10MG - COMP,Comprimido,Oral,Não,Não Antibiótico,,Próprio hospital
DIMETICONA 75 MG/ML SOL. ORAL FR,Frasco,Oral,Não,Não Antibiótico,,Próprio hospital
DIPIRONA 500 MG COMP,Comprimido,Oral,Não,Não Antibiótico,,Próprio hospital
DIPIRONA 500 MG/ML AMP 2 ML,Ampola,Injetável,Não,Não Antibiótico,,Próprio hospital
DIPIRONA 500 MG/ML SOL ORAL GOTAS FR,Frasco,Oral,Não,Não Antibiótico,,Próprio hospital
"DOBUTAMINA 12 ,5 MG/ML 20 ML AMP",Ampola,Injetável,Não,Não Antibiótico,,Próprio hospital
DOCETAXEL 20 MG,Ampola,Oral,Não,Não Antibiótico,,Próprio hospital
DOCETAXEL 80MG,Comprimido,Oral,Não,Não Antibiótico,,Próprio hospital
DOMPERIDONA 10MG COMP,Comprimido,Oral,Não,Não Antibiótico,,Próprio hospital
DOMPERIDONA SOL. ORAL 1MG/ML 100ML,Solução,Oral,Não,Não Antibiótico,,Próprio hospital
DOPAMINA 5 MG/ML 10 ML AMP,Ampola,Injetáveis,Não,Não Antibiótico,,Próprio hospital
DOXORRUBICINA 10 MG,Ampola,Injetável,Não,Não Antibiótico,,Próprio hospital
DOXORRUBICINA 50 MG,Ampola,Injetável,Não,Não Antibiótico,,Próprio hospital
"DROPERIDOL 2,5MG/ML 1ML AMP",Ampola,Injetáveis,Não,Não Antibiótico,,Próprio hospital
DULOXETINA 30 MG,Comprimido,Oral,Não,Não Antibiótico,,Próprio hospital
EFEDRINA SULFATO 50MG/ML 1 ML AMP,Ampola,Injetáveis,Não,Não Antibiótico,,Próprio hospital
ENALAPRIL 10 MG COMP,Comprimido,Oral,Não,Não Antibiótico,,Próprio hospital
ENALAPRIL 20MG COMP,Comprimido,Oral,Não,Não Antibiótico,,Próprio hospital
ENALAPRIL 5MG COMP.,Comprimido,Oral,Não,Não Antibiótico,,Próprio hospital
ENOXAPARINA 20MG SERINGA,Solução,Injetável,Não,Não Antibiótico,,Próprio hospital
ENOXAPARINA 40MG SERINGA,Solução,Injetável,Não,Não Antibiótico,,Próprio hospital
"ENOXAPARINA 60 MG 0,6ML SERINGA",Solução,Injetável,Não,Não Antibiótico,,Próprio hospital
ENOXAPARINA 80MG SERINGA,Solução,Injetável,Não,Não Antibiótico,,Próprio hospital
EPINEFRINA CLORIDRATO OU HEMITARTARATO 1 MG/ML,Solução,Subcutânea,Não,Não Antibiótico,,Próprio hospital
ERTAPENEM 1G,Pó,Injetável,Sim,Antibiótico,,Próprio hospital
ESCINA GEL TOPICA,Gel,Tópica,Não,Não Antibiótico,,Próprio hospital
ESCOPOLAMINA 10MG/ML- GOTAS,Solução,Oral,Não,Não Antibiótico,,Próprio hospital
ESCOPOLAMINA 20 MG/ML 1 ML,Ampola,Injetável,Não,Não Antibiótico,,Próprio hospital
ESCOPOLAMINA 4MG/ML+DIPIRONA SODICA 500MG/ML - AMPOLA C/ 5ML,Ampola,Injetáveis,Não,Não Antibiótico,,Próprio hospital
ESPIRONOLACTONA 100 MG - COMP,Comprimido,Oral,Não,Não Antibiótico,,Próprio hospital
ESPIRONOLACTONA 25 MG - COMP,Comprimido,Oral,Não,Não Antibiótico,,Próprio hospital
ETILEFRINA 10MG/ML - INJETAVEL (AMPOLA 1ML),Injetáveis,Injetáveis,Não,Não Antibiótico,,Próprio hospital
ETOMIDATO 2 MG/ML AMP DE 10 ML,Ampola,Injetáveis,Não,Não Antibiótico,,Próprio hospital
ETOPOSIDO 100 MG,Frasco,Injetável,Não,Não Antibiótico,,Próprio hospital
EXEMESTANO 25MG,Comprimido,Oral,Não,Não Antibiótico,,Próprio hospital
FENILEFRINA 10% SOL. OFTALM. MIDRIATICA FR,Solução,Oftálmica,Não,Não Antibiótico,,Próprio hospital
FENILEFRINA CLORIDRATO 10 MG/ML INJETAVEL,Injetáveis,Injetáveis,Não,Não Antibiótico,,Próprio hospital
FENITOINA 100 MG COMP,Comprimido,Oral,Não,Não Antibiótico,,Próprio hospital
FENITOINA 50 MG/ML 5 ML AMP,Ampola,Injetável,Não,Não Antibiótico,,Próprio hospital
FENOBARBITAL 100 MG COMP.,Comprimido,Oral,Não,Não Antibiótico,,Próprio hospital
FENOBARBITAL 100 MG/ML AMPOLA 2 ML,Ampola,Injetáveis,Não,Não Antibiótico,,Próprio hospital
FENOTEROL GOTAS FR,Frasco,Oral,Não,Não Antibiótico,,Próprio hospital
"FENTANIL 0,05 MG/ML AMP 5 ML",Ampola,Injetáveis,Não,Não Antibiótico,,Próprio hospital
FENTANILA 50MCG/ML AMPOLA 2ML,Ampola,Injetáveis,Não,Não Antibiótico,,Próprio hospital
"FENTANILA CITRATO 0,05 MG/ML COM 10 ML",Comprimido,Oral,Não,Não Antibiótico,,Próprio hospital
FILGRASTIM 300 MCG INJETÁVEL,Injetáveis,Injetáveis,Não,Não Antibiótico,,Próprio hospital
"FITOMENADIONA (VIT.K) 10MG/ML, 1ML, IM",Solução,Injetável,Não,Não Antibiótico,,Próprio hospital
FLUCONAZOL 150MG (CAPSULA),Cápsula,Oral,Não,Não Antibiótico,,Próprio hospital
FLUCONAZOL 2MG/ML 100 ML FR/AMP OU BOLSA,Frasco,Injetáveis,Não,Não Antibiótico,,Próprio hospital
"FLUMAZENIL 0,1 MG/ML AMPOLA 5 ML",Ampola,Injetáveis,Não,Não Antibiótico,,Próprio hospital
FLUORESCEINA INJ. 20% 5ML,Injetáveis,Injetáveis,Não,Não Antibiótico,,Próprio hospital
FLUORESCEINA SODICA 1% SOLUÇÃO OFTALMICA,Solução,Oftálmica,Não,Não Antibiótico,,Próprio hospital
"FLUORURACILA 2,5 G/ 50 ML FRASCO AMPOLA",Frasco,Injetáveis,Não,Não Antibiótico,,Próprio hospital
FLUORURACILA 500MG 10 ML FRASCO AMPOLA,Frasco,Injetáveis,Não,Não Antibiótico,,Próprio hospital
FLUOXETINA 20 MG COMP,Comprimido,Oral,Não,Não Antibiótico,,Próprio hospital
FOLINATO DE CALCIO 300MG,Solução,Injetável,Não,Não Antibiótico,,Próprio hospital
FOLINATO DE CALCIO 50 MG PO LIOFILO,Pó,Injetável,Não,Não Antibiótico,,Próprio hospital
"FOSFATO DE POTASSIO 10 ML INJET
",Solução,Injetável,Não,Não Antibiótico,,Próprio hospital
FULVESTRANTO 250 MG INJETÁVEL.,Injetáveis,Injetáveis,Não,Não Antibiótico,,Próprio hospital
FUROSEMIDA 10 MG/ML 2 ML AMP,Ampola,Injetável,Não,Não Antibiótico,,Próprio hospital
FUROSEMIDA 40 MG COMP.,Comprimido,Oral,Não,Não Antibiótico,,Próprio hospital
GABAPENTINA 300MG CÁPSULA,Cápsula,Oral,Não,Não Antibiótico,,Próprio hospital
"GANCICLOVIR 1MG/ML 0,1% 250 ML",Solução,Injetável,Não,Não Antibiótico,,Próprio hospital
"GANCICLOVIR 1MG/ML 0,1% 500 ML",Solução,Injetável,Não,Não Antibiótico,,Próprio hospital
GANCICLOVIR 500MG FR/AMP,Frasco,Injetáveis,Não,Não Antibiótico,,Próprio hospital
GEFITINIBE 250 MG,Comprimido,Injetável,Não,Não Antibiótico,,Próprio hospital
GEL HIDROCOLÓIDE C/ ALGINATO 30G,Gel,Tópica,Não,Não Antibiótico,,Próprio hospital
GEL HIDROCOLÓIDE C/ ALGINATO 80G,Gel,Tópica,Não,Não Antibiótico,,Próprio hospital
GEL P/ ECG 100G,Gel,Tópica,Não,Não Antibiótico,,Próprio hospital
GEL P/ ECG 5KG,Gel,Tópica,Não,Não Antibiótico,,Próprio hospital
GEL PARA FERIDAS (POLIHEXANIDA E BETAINA),Gel,Tópica,Não,Material,,Próprio hospital
GEL PARA ULTRASSONOGRAFIA 100 G,Gel,Tópica,Não,Não Antibiótico,,Próprio hospital
GEL PARA ULTRASSONOGRAFIA 5KG,Gel,Tópica,Não,Não Antibiótico,,Próprio hospital
GENCITABINA 1 GRAMA- FRA,Frasco,Injetáveis,Não,Não Antibiótico,,Próprio hospital
GENCITABINA 200MG FR/AMP,Frasco,Injetável,Não,Não Antibiótico,,Próprio hospital
GENTAMICINA 80 MG AMP,Ampola,Injetável,Sim,Antibiótico,,Próprio hospital
GLIBENCLAMIDA 5 MG COMP.,Comprimido,Oral,Não,Não Antibiótico,,Próprio hospital
GLICERINA 12% SOL. P/CLISTER FR 500ML,Solução,Retal,Não,Não Antibiótico,,Próprio hospital
GLICOSE 5% 100 ML,Solução,Injetável,Não,Não Antibiótico,,Próprio hospital
GLICOSE 5% 250ML,Solução,Injetável,Não,Não Antibiótico,,Próprio hospital
GLICOSE 5% 500ML,Solução,Injetável,Não,Não Antibiótico,,Próprio hospital
GLICOSE 50% 10ML AMP,Ampola,Injetável,Não,Não Antibiótico,,Próprio hospital
GLUCONATO DE CALCIO 10% 10 ML AMP,Ampola,Injetável,Não,Não Antibiótico,,Próprio hospital
"GOSSERRELINA LA 10,8MG AMPOLA",Ampola,Injetável,Não,Não Antibiótico,,Próprio hospital
HALOPERIDOL 5 MG COMP.,Comprimido,Oral,Não,Não Antibiótico,,Próprio hospital
HALOPERIDOL 5 MG/ML 1 ML AMP,Ampola,Injetável,Não,Não Antibiótico,,Próprio hospital
"HEPARINA SODICA 5000 UI 0,25 ML SUB-CUT AMP",Ampola,Subcutânea,Não,Não Antibiótico,,Próprio hospital
HEPARINA SODICA BOVINA 5000 UI/ML 5 ML FR-AMP,Ampola,Injetável,Não,Não Antibiótico,,Próprio hospital
HEPARINA SÓDICA SUÍNA 5000 UI/ML 5 ML FR-AMP,Ampola,Injetável,Não,Não Antibiótico,,Próprio hospital
HETAMIDO 6% 500 ML,Frasco,Injetável,Não,Não Antibiótico,,Próprio hospital
HIDRALAZINA 20 MG/ML 1 ML AMP,Ampola,Injetável,Não,Não Antibiótico,,Próprio hospital
HIDRALAZINA 25 MG DRAGEA,Comprimido,Oral,Não,Não Antibiótico,,Próprio hospital
HIDRALAZINA 50 MG,Comprimido,Oral,Não,Não Antibiótico,,Próprio hospital
HIDROCLOROTIAZIDA 25MG COMPRIMIDO,Comprimido,Oral,Não,Não Antibiótico,,Próprio hospital
HIDROCORTISONA 1% TOPICA CREME TB,Creme,Tópica,Não,Não Antibiótico,,Próprio hospital
HIDROCORTISONA 100 MG FR/AMP,Frasco,Injetável,Não,Não Antibiótico,,Próprio hospital
HIDROCORTISONA 500 MG FR/AMP,Frasco,Injetável,Não,Não Antibiótico,,Próprio hospital
HIDROXICLOROQUINA 400MG,Comprimido,Oral,Não,Não Antibiótico,,Próprio hospital
HIDROXIDO DE FERRO III 20MG/ML,Solução,Injetável,Não,Não Antibiótico,,Próprio hospital
"HIDROXIPROPILMETILCELULOSE 2%, 1ML, ESTÉRIL, EMBALAGEM INDIVIDUAL",Pó,Intravenosa,Não,Material,,Próprio hospital
HIDROXIUREIA 500 MG,Cápsula,Oral,Não,Não Antibiótico,,Próprio hospital
HIPOSSULFITO DE SÓDIO 5% 15 ML,Solução,Endovenosa,Não,Não Antibiótico,,Próprio hospital
HIPROMELOSE (METILCELULOSE) 2% COLIRIO,Solução,Oftálmica,Não,Não Antibiótico,,Próprio hospital
HIPROMELOSE (METILCELULOSE) 2% INTRAOCULAR,Solução,Oftálmica,Não,Não Antibiótico,,Próprio hospital
HIPROMELOSE 4%(METILCELULOSE) INTRAOCULAR,Solução,Oftálmica,Não,Não Antibiótico,,Próprio hospital
IBUPROFENO 600 MG COMP.,Comprimido,Oral,Não,Não Antibiótico,,Próprio hospital
IFOSFAMIDA 1G FRA,Frasco,Injetável,Não,Não Antibiótico,,Próprio hospital
IFOSFAMIDA 2G,Ampola,Injetável,Não,Não Antibiótico,,Próprio hospital
IMATINIBE 400MG,Comprimido,Oral,Não,Não Antibiótico,,Doado
IMIPENEM + CILASTATINA 500MG FRASCO-AMPOLA,Frasco,Injetável,SIm,Antibiótico,,Próprio hospital
IMUNOGLOBULINA HUMANA 5G/50 ML,Solução,Intravenosa,Não,Não Antibiótico,,Próprio hospital
INSULINA INTERM NPH HUMANA 100 UI/ML FRA 10ML,Frasco,Injetável,Não,Não Antibiótico,,Próprio hospital
INSULINA REGULAR HUMANA 100UI FR/AMP 10ML,Frasco,Injetável,Não,Não Antibiótico,,Próprio hospital
IODOPOVIDONA (PVPI) 10% + IODO 1% SOL ALCOÓLICA 1000ML,Solução,Tópica,Não,Não Antibiótico,,Próprio hospital
IODOPOVIDONA (PVPI) 10% + IODO 1% SOL ALCOÓLICA 100ML,Solução,Tópica,Não,Não Antibiótico,,Próprio hospital
IODOPOVIDONA (PVPI) 10% + IODO 1% SOL AQUOSA 100 ML,Solução,Tópica,Não,Não Antibiótico,,Próprio hospital
IODOPOVIDONA (PVPI) 10% + IODO 1% SOL AQUOSA 1000ML,Solução,Tópica,Não,Não Antibiótico,,Próprio hospital
IODOPOVIDONA (PVPI) 10% + IODO 1% SOL DEGERMANTE 1000ML,Solução,Tópica,Não,Não Antibiótico,,Próprio hospital
IODOPOVIDONA (PVPI) 10% + IODO 1% SOL DEGERMANTE 100ML,Solução,Tópica,Não,Material,,Próprio hospital
IRINOTECANO 20MG/ML 2ML,Solução,Injetável,Não,Não Antibiótico,,Próprio hospital
IRINOTECANO 20MG/ML 5ML,Solução,Injetável,Não,Não Antibiótico,,Próprio hospital
ISOSSORBIDA MONONITRATO 40 MG COMP,Comprimido,Oral,Não,Não Antibiótico,,Próprio hospital
"ISOSSORBIDA, DINITRATO 10 MG (COMPRIMIDO)",Comprimido,Oral,Não,Não Antibiótico,,Próprio hospital
"ISOSSORBIDA, DINITRATO 5 MG (SUBLINGUAL) COMP.",Comprimido,Sublingual,Não,Não Antibiótico,,Próprio hospital
"ISOSSORBIDA, MONONITRATO 1ML 10MG AMP",Ampola,Injetáveis,Não,Não Antibiótico,,Próprio hospital
"ISOSSORBIDA, MONONITRATO 20MG COMP.",Comprimido,Oral,Não,Não Antibiótico,,Próprio hospital
ITRACONAZOL 100MG CAP.,Cápsula,Oral,Não,Não Antibiótico,,Próprio hospital
IVERMECTINA 6MG COMPRIMIDOS,Comprimido,Oral,Não,Não Antibiótico,,Próprio hospital
LACTULOSE SOL.ORAL 667MG/ML FR 120ML,Frasco,Injetável,Não,Não Antibiótico,,Próprio hospital
LANREOTIDA 120MG SERINGA,Solução,Subcutânea,Não,Não Antibiótico,,Próprio hospital
"LETROZOL 2,5 MG COMPRIMIDO",Oral,Oral,Não,Não Antibiótico,,Próprio hospital
"LEVOBUPIVACAÍNA CLORIDRATO  0,5% C/ EPINEFRINA",Ampola,Injetável,Não,Não Antibiótico,,Próprio hospital
"LEVOBUPIVACAINA CLORIDRATO 0,5% S/VASOCONSTRITOR 20 ML",Frasco,Injetável,Não,Não Antibiótico,,Próprio hospital
LEVOBUPIVACAINA ISOBÁRICA AMPOLA 4ML 5MG/ML,Injetáveis,Injetáveis,Não,Não Antibiótico,,Próprio hospital
LEVOFLOXACINA 500MG COMPRIMIDO,Comprimidos,Oral,sim,Antibiótico,,Próprio hospital
LEVOFLOXACINO 5MG/ML BOLSA,Bolsa,Injetável,sim,Antibiótico,,Próprio hospital
LEVONORGESTREL 52MG INTRA-UTERINO (DIU),Dispositivo intrauterino,Intrautero,Não,Não Antibiótico,,Próprio hospital
"LEVOSIMENDANA 2,5MG/ML 5 ML",Frasco,Intravenosa,Não,Não Antibiótico,,Próprio hospital
LEVOTIROXINA SÓDICA 100MCG (COMPRIMIDO),Oral,Oral,Não,Não Antibiótico,,Próprio hospital
LEVOTIROXINA SÓDICA 50MCG,Comprimido,Oral,Não,Não Antibiótico,,Próprio hospital
LIDOCAINA 1% SEM VASOCONSTITOR,Solução,Injetável,Não,Não Antibiótico,,Próprio hospital
"LIDOCAINA 2% + EPINEFRINA 1:100.000 INJETAVEL 1,8 ML",Injetáveis,Injetáveis,Não,Não Antibiótico,,Próprio hospital
"LIDOCAINA 2% + EPINEFRINA 1:200.000 INJETAVEL 1,8 ML",Injetáveis,Injetáveis,Não,Não Antibiótico,,Próprio hospital
LIDOCAINA 2% + EPINEFRINA 20 ML FR/AMP,Injetáveis,Injetáveis,Não,Não Antibiótico,,Próprio hospital
LIDOCAINA 2% SEM VASO CONSTRITOR 5ML,Injetáveis,Injetáveis,Não,Não Antibiótico,,Próprio hospital
LIDOCAINA A 2% 20 MG/ML 20 ML FR/AMP,Frasco,Injetável,Não,Não Antibiótico,,Próprio hospital
LIDOCAINA A 2% GELEIA TUB. 30 G,Tubo,Tópica,Não,Não Antibiótico,,Próprio hospital
LIDOCAINA A SPRAY 10 MG/JATO FR,Spray,Tópica,Não,Não Antibiótico,,Próprio hospital
LINEZOLIDA 600MG (2MG/ML) BOLSA 300ML,Bolsa,Injetável,Sim,Antibiótico,,Próprio hospital
LOÇÃO HIDRATANTE À BASE DE AGE,Creme,Tópica,Não,Material,,Próprio hospital
LOPERAMIDA 2 MG COMP.,Comprimido,Oral,Não,Não Antibiótico,,Próprio hospital
LORATADINA 10MG COMPRIMIDO,Comprimido,Oral,Não,Não Antibiótico,,Próprio hospital
LOSARTAN 50MG COMPRIMIDOS,Comprimido,Oral,Não,Não Antibiótico,,Próprio hospital
MANITOL 20% 250 ML,Solução,Injetável,Não,Não Antibiótico,,Próprio hospital
MEPIVACAINA 2% C/ EPINEFRINA,Solução,Injetável,Não,Não Antibiótico,,Próprio hospital
MEROPENEM 1G,Pó,Injetável,Sim,Antibiótico,,Próprio hospital
MESALAZINA 400MG COMP,Comprimido,Oral,Não,Não Antibiótico,,Próprio hospital
MESALAZINA 800MG COMP,Comprimido,Oral,Não,Não Antibiótico,,Próprio hospital
MESNA 100MG/ML AMP 4ML,Solução,Injetável,Não,Não Antibiótico,,Próprio hospital
MESNA 400MG COMPRIMIDO,Oral,Oral,Não,Não Antibiótico,,Próprio hospital
METADONA 10MG,Ampola,Injetável,Não,Não Antibiótico,,Próprio hospital
METADONA 5MG,Comprimido,Oral,Não,Não Antibiótico,,Próprio hospital
METFORMINA 500MG  COMPRIMIDO,Comprimido,Oral,Não,Não Antibiótico,,Próprio hospital
METFORMINA 850MG COMPRIMIDO,Comprimido,Oral,Não,Não Antibiótico,,Próprio hospital
METILDOPA 500 MG COMP.,Comprimido,Oral,Não,Não Antibiótico,,Próprio hospital
METILPREDNISOLONA SUCCINATO 500MG FR/AMP,Ampola,Injetável,Não,Não Antibiótico,,Próprio hospital
METIMAZOL (TIAMAZOL) 10 MG,Comprimido,Oral,Não,Não Antibiótico,,Próprio hospital
METOCLOPRAMIDA 10 MG COMP.,Comprimido,Oral,Não,Não Antibiótico,,Próprio hospital
METOCLOPRAMIDA 5 MG/ML 2 ML AMP,Ampola,Injetável,Não,Não Antibiótico,,Próprio hospital
METOPROLOL  SUCCINATO 50MG COMPRIMIDO,Comprimido,Oral,Não,Não Antibiótico,,Próprio hospital
METOPROLOL SUCCINATO CMP 25MG,Comprimido,Oral,Não,Não Antibiótico,,Próprio hospital
METOPROLOL TARTARATO 1MG/ML AMPOLA 5 ML,Ampola,Injetável,Não,Não Antibiótico,,Próprio hospital
METRONIDAZOL 250 MG COMP,Comprimido,Oral,Sim,Antibiótico,,Próprio hospital
METRONIDAZOL 400 MG,Comprimido,Oral,Sim,Antibiótico,,Próprio hospital
METRONIDAZOL 500MG/100ML BOLSA,Bolsa,Injetável,Sim,Antibiótico,,Próprio hospital
MICONAZOL LOÇÃO USO TÓPICO,Creme,Tópica,Não,Não Antibiótico,,Próprio hospital
MIDAZOLAM 5MG AMPOLA DE 5 ML,Ampola,Injetável,Não,Não Antibiótico,,Próprio hospital
MIDAZOLAM 5MG/ML 3 ML AMP,Ampola,Injetável,Não,Não Antibiótico,,Próprio hospital
MIDAZOLAM 5MG/ML C/ 10ML,Ampola,Injetável,Não,Não Antibiótico,,Próprio hospital
MITOXANTRONA 20 MG AMP.,Ampola,Injetável,Não,Não Antibiótico,,Próprio hospital
"MORFINA 0,2MG/ML AMP 1ML EMBALAGEM ESTÉRIL",Ampola,Injetável,Não,Não Antibiótico,,Próprio hospital
MORFINA 1 MG/ML AMP EMBALAGEM ESTÉRIL,Ampola,Injetável,Não,Não Antibiótico,,Próprio hospital
MORFINA 10 MG COMPRIMIDO,Comprimido,Oral,Não,Não Antibiótico,,Próprio hospital
MORFINA 10 MG/ML AMP 1ML,Ampola,Injetável,Não,Não Antibiótico,,Próprio hospital
MORFINA 30 MG COMPRIMIDO,Comprimido,Oral,Não,Não Antibiótico,,Próprio hospital
MUPIROCINA CREME 2% TB,Creme,Tópica,Sim,Antibiótico,,Próprio hospital
N-ACETILCISTEINA 100 MG/ML 3 ML AMP,Ampola,Injetável,Não,Não Antibiótico,,Próprio hospital
N-ACETILCISTEINA 600MG,Frasco,Injetável,Não,Não Antibiótico,,Próprio hospital
NALBUFINA 10MG/ML AMP,Ampola,Injetável,Não,Não Antibiótico,,Próprio hospital
NALOXONA 0.4 MG/ML AMP 1 ML,Ampola,Injetável,Não,Não Antibiótico,,Próprio hospital
NEOMICINA + BACITRACINA POMADA,Creme,Tópica,Sim,Antibiótico,,Próprio hospital
"NEOSTIGMINA 0,5MG/ML 1 ML AMP",Ampola,Injetável,Não,Não Antibiótico,,Próprio hospital
NIFEDIPINO RETARD,Comprimido,Oral,Não,Não Antibiótico,,Próprio hospital
NIMODIPINA 30 MG COMPRIMIDO,Comprimido,Oral,Não,Não Antibiótico,,Próprio hospital
NISTATINA 100.000 U/ML SUSPENSAO ORAL FR,Frasco,Oral,Não,Não Antibiótico,,Próprio hospital
NISTATINA+OX. ZINCO (100.000 UI/G + 200MG) - POMADA DERMATOL,Creme,Tópica,Não,Não Antibiótico,,Próprio hospital
NITROGLICERINA  5MG/ML AMP 5ML,Ampola,Injetável,Não,Não Antibiótico,,Próprio hospital
NITROGLICERINA  5MG/ML AMPOLA 10ML,Ampola,Injetável,Não,Não Antibiótico,,Próprio hospital
NITROPRUSSIETO DE SODIO 50 MG FR-AMP,Ampola,Injetável,Não,Não Antibiótico,,Próprio hospital
NOREPINEFRINA HEMITARTARATO 2 MG/ML AMPOLA 4 ML,Injetáveis,Injetáveis,Não,Não Antibiótico,,Próprio hospital
NORTRIPTILINA 25MG COMP.,Comprimido,Oral,Não,Não Antibiótico,,Próprio hospital
NUTRIÇÃO PARENTERAL  1000ML 1140KCAL 1360MOSMOL/L N7,Bolsa,Intravenosa,Não,Não Antibiótico,,Próprio hospital
"NUTRIÇÃO PARENTERAL  N7 / NUTRIFLEX
",Bolsa,Intravenosa,Não,Não Antibiótico,,Próprio hospital
NUTRIÇÃO PARENTERAL 1000ML 1070KCAL 1310MOSMOL/L N9,Bolsa,Intravenosa,Não,Não Antibiótico,,Próprio hospital
NUTRIÇÃO PARENTERAL 1000ML 610KCAL 750MOSMOL/L N4,Bolsa,Intravenosa,Não,Não Antibiótico,,Próprio hospital
NUTRIÇÃO PARENTERAL 1026ML 900KCAL 1060MOSMOL/L KABIVEN,Bolsa,Intravenosa,Não,Não Antibiótico,,Próprio hospital
NUTRIÇÃO PARENTERAL 986ML 1100KCAL 1300MOSMOL/L SMOFKABIVEN,Bolsa,Intravenosa,Não,Não Antibiótico,,Próprio hospital
OCITOCINA 5UI/ML AMPOLA DE 1 ML,Ampola,Injetável,Não,Não Antibiótico,,Próprio hospital
"OCTREOTIDA 0,05MG/ML AMPOLA 1 ML
",Ampola,Intravenosa,Não,Não Antibiótico,,Próprio hospital
"OCTREOTIDA 0,1MG/ML AMPOLA 1ML",Ampola,Injetável,Não,Não Antibiótico,,Próprio hospital
"OCTREOTIDA 0,5 MG/ML AMPOLA 1 ML",Ampola,Injetável,Não,Não Antibiótico,,Próprio hospital
OCTREOTIDA 20MG,Solução,Injetável,Não,Não Antibiótico,,Próprio hospital
OCTREOTIDA 30MG,Solução,Injetável,Não,Não Antibiótico,,Próprio hospital
OLEATO DE MONOETANOLAMINA 5% 2 ML,Ampola,Intravenosa,Não,Não Antibiótico,,Próprio hospital
OLEO DE GIRASSOL A BASE DE AGE C/ VIT A E E 100 ML,Oleo,Tópica,Não,Material,,Próprio hospital
OLEO DE GIRASSOL A BASE DE AGE C/ VIT A E E 200 ML,Oleo,Tópica,Não,Não Antibiótico,,Próprio hospital
OLEO DE SILICONE 8 ML,Oleo,Tópica,Não,Não Antibiótico,,Próprio hospital
OLEO MINERAL LIQ. FR,Oleo,Tópica,Não,Não Antibiótico,,Próprio hospital
OLIGOELEMENTOS P/USO ADULTO AMP  2 ML,Ampola,Intravenosa,Não,Não Antibiótico,,Próprio hospital
OMEPRAZOL 20 MG CAP,Cápsula,Oral,Não,Não Antibiótico,,Próprio hospital
OMEPRAZOL 40MG AMP,Ampola,Injetável,Não,Não Antibiótico,,Próprio hospital
ONDANSETRONA 2 MG/ML 2ML,Ampola,Injetável,Não,Não Antibiótico,,Próprio hospital
"ONDANSETRONA 8MG, COMP REV",Comprimido,Oral,Não,Não Antibiótico,,Próprio hospital
ONDANSETRONA 8MG/4ML,Ampola,Intravenosa,Não,Não Antibiótico,,Próprio hospital
OXACILINA 500 MG SOL. INJ.FRA,Solução,Injetáveis,Sim,Antibiótico,,Próprio hospital
OXALIPLATINA 100MG INJETAVEL,Injetáveis,Injetáveis,Não,Não Antibiótico,,Próprio hospital
OXALIPLATINA 50MG INJETAVEL,Injetáveis,Injetáveis,Não,Não Antibiótico,,Próprio hospital
PACLITAXEL 300MG FRASCO DE 50 ML,Frasco,Injetáveis,Não,Não Antibiótico,,Próprio hospital
"PACLITAXEL 6MG/ML 16,7ML",Solução,Injetável,Não,Não Antibiótico,,Próprio hospital
PACLITAXEL 6MG/ML 25ML,Solução,Injetável,Não,Não Antibiótico,,Próprio hospital
PACLITAXEL 6MG/ML 5ML,Solução,Injetável,Não,Não Antibiótico,,Próprio hospital
PAMIDRONATO 90 MG FRASCO AMPOLA,Ampola,Intravenosa,Não,Não Antibiótico,,Próprio hospital
PANCURONIO 2 MG/ML 2 ML AMP,Ampola,Intravenosa,Não,Não Antibiótico,,Próprio hospital
PANTOPRAZOL 40MG FRA/AMP.,Ampola,Intravenosa,Não,Não Antibiótico,,Próprio hospital
PAPAÍNA,Creme,Tópica,Não,Não Antibiótico,,Próprio hospital
PAPAINA 10%,Creme,Tópica,Não,Não Antibiótico,,Próprio hospital
PAPAINA 15%,Creme,Tópica,Não,Não Antibiótico,,Próprio hospital
PAPAINA 20%,Creme,Tópica,Não,Não Antibiótico,,Próprio hospital
PAPAINA PÓ SACHÊ,Pó,Oral,Não,Não Antibiótico,,Próprio hospital
PAPAVERINA  100MG/2ML   AMP,Ampola,Injetáveis,Não,Não Antibiótico,,Próprio hospital
PARACETAMOL 10MG/ML 1% 100 ML,Solução,Injetável,Não,Não Antibiótico,,Próprio hospital
PARACETAMOL 500 MG COMPRIMIDO,Comprimido,Oral,Não,Não Antibiótico,,Próprio hospital
PARACETAMOL 750MG COMPRIMIDO,Comprimido,Oral,Não,Não Antibiótico,,Próprio hospital
PARACETAMOL SOL ORAL  200MG/ML FR,Frasco,Injetáveis,Não,Não Antibiótico,,Próprio hospital
PARECOXIBE 40MG PÓ INJ,Pó,Injetáveis,Não,Não Antibiótico,,Próprio hospital
PASTA PROTETORA DA PELE,Creme,Tópica,Não,Material,,Próprio hospital
PEMETREXEDE 100 MG,Pó,Injetável,Não,Não Antibiótico,,Próprio hospital
PEMETREXEDE 500 MG,Pó,Injetável,Não,Não Antibiótico,,Próprio hospital
PENICILINA G BENZATINA 1.200.000 UI FR/AMP,Frasco,Injetável,Sim,Antibiótico,,Próprio hospital
PERFLUOROCTANO LÍQUIDO  FR DE 5 ML PARA CIRURGIAS,Frasco,Injetáveis,Não,Não Antibiótico,,Próprio hospital
PERMETRINA 1% 60 ML,Loção,Tópica,Não,Não Antibiótico,,Próprio hospital
PILOCARPINA CLORIDRATO COLIRIO 2% COM 10 ML,Solução,Oftálmica,Não,Não Antibiótico,,Próprio hospital
"PIPERACILINA 4G + 0,5G TAZOBACTAM FRA",Frasco,Injetáveis,Sim,Antibiótico,,Próprio hospital
PIRIDOSTIGMINA 60 MG  COMP.,Comprimido,Oral,Não,Não Antibiótico,,Próprio hospital
PÓ PROTETOR DA PELE,Pó,Tópica,Não,Material,,Próprio hospital
POLIESTIRENOSSULFONATO DE CALCIO PO ENV.30 G,Pó,Intravenosa,Não,Não Antibiótico,,Próprio hospital
POLIETILENOGLICOL 4000 (PEG 4000),Frasco,Oral,Não,Não Antibiótico,,Próprio hospital
POLIMIXINA B SULFATO 500.000 UI,Frasco,Injetável,Sim,Antibiótico,,Próprio hospital
PREDNISONA 20 MG COMP.,Comprimido,Oral,Não,Não Antibiótico,,Próprio hospital
PREDNISONA 5 MG COMP.,Comprimido,Oral,Não,Não Antibiótico,,Próprio hospital
PREGABALINA 75 MG,Cápsula,Oral,Não,Não Antibiótico,,Próprio hospital
PRILOCAINA C/ FENILPRESSINA 3%,Ampola,Injetável,Não,Não Antibiótico,,Próprio hospital
PROMETAZINA 25 MG COMPRIMIDO,Comprimido,Oral,Não,Não Antibiótico,,Próprio hospital
PROMETAZINA 25 MG/ML 2 ML AMP,Ampola,Injetáveis,Não,Não Antibiótico,,Próprio hospital
PROPATILNITRATO 10MG COMP.,Comprimido,Oral,Não,Não Antibiótico,,Próprio hospital
PROPOFOL 10 MG/ML AMPOLA 20 ML,Ampola,Injetáveis,Não,Não Antibiótico,,Próprio hospital
PROPOFOL 10MG/ML  SERINGA DE 50 ML,Emulsão,Injetável,Não,Não Antibiótico,,Próprio hospital
PROPOFOL 10MG/ML FRASCO-AMPOLA 100ML,Frasco,Injetáveis,Não,Não Antibiótico,,Próprio hospital
PROPOFOL 20MG/ML SERINGA DE 50 ML,Emulsão,Injetável,Não,Não Antibiótico,,Próprio hospital
PROPRANOLOL 10 MG COMP.,Comprimido,Oral,Não,Não Antibiótico,,Próprio hospital
PROPRANOLOL 40 MG COMP.,Comprimido,Oral,Não,Não Antibiótico,,Próprio hospital
PROTAMINA 1000 UI/ML AMP C/5 ML,Solução,Injetáveis,Não,Não Antibiótico,,Próprio hospital
PROXIMETACAÍNA COLÍRIO 5MG/ML,Solução,Oftálmica,Não,Não Antibiótico,,Próprio hospital
QUETIAPINA 25 MG COMPRIMIDO,Comprimido,Oral,Não,Não Antibiótico,,Próprio hospital
REMIFENTANILA 2MG AMPOLA,Ampola,Injetáveis,Não,Não Antibiótico,,Próprio hospital
"RINGER C/LACTATO 500 ML EM SISTEMA FECHADO, FLEXIVEL",Bolsa,Injetável,Não,Não Antibiótico,,Próprio hospital
RISPERIDONA 1MG CMP,Comprimido,Oral,Não,Não Antibiótico,,Próprio hospital
RITUXIMABE 10MG/ML 10ML,Solução,Injetável,Não,Não Antibiótico,,Próprio hospital
RIVAROXABANA 15MG,Comprimido,Oral,Não,Não Antibiótico,,Próprio hospital
RIVAROXABANA 20 MG,Comprimido,Oral,Não,Não Antibiótico,,Próprio hospital
ROCURONIO 50MG AMP,Ampola,Injetável,Não,Não Antibiótico,,Próprio hospital
"ROPIVACAINA 0,75% 20ML EMBALAGEM ESTERIL",Ampola,Injetável,Não,Não Antibiótico,,Próprio hospital
"SABONETE LÍQUIDO COM PHMB 0,2% 100 ML",Frasco,Tópica,Não,Não Antibiótico,,Próprio hospital
"SABONETE LÍQUIDO COM PHMB 0,2% 1L",Frasco,Tópica,Não,Não Antibiótico,,Próprio hospital
SAIS P/REIDRATACAO ORAL PO ENV.,Pó,Oral,Não,Não Antibiótico,,Próprio hospital
SALBUTAMOL 0.5 MG/ML 1 ML AMP,Ampola,Injetáveis,Não,Não Antibiótico,,Próprio hospital
SALBUTAMOL 100 MCG/JATO  FR,Frasco,Injetáveis,Não,Não Antibiótico,,Próprio hospital
SELANTE CIRURGICO FRASCO 1 ML,Frasco,Injetáveis,Não,Não Antibiótico,,Próprio hospital
SELANTE CIRURGICO FRASCO 2 ML,Frasco,Injetáveis,Não,Não Antibiótico,,Próprio hospital
SELANTE CIRURGICO FRASCO 3 ML,Frasco,Injetáveis,Não,Não Antibiótico,,Próprio hospital
SERTRALINA 25 MG COMPRIMIDO,Comprimido,Oral,Não,Não Antibiótico,,Próprio hospital
SEVOFLURANO  FRASCO 100 ML,Frasco,Injetáveis,Não,Não Antibiótico,,Próprio hospital
SILDENAFIL 20MG COMP,Comprimido,Oral,Não,Não Antibiótico,,Próprio hospital
SINVASTATINA 20 MG,Comprimido,Oral,Não,Não Antibiótico,,Próprio hospital
SINVASTATINA 40 MG,Comprimido,Oral,Não,Não Antibiótico,,Próprio hospital
"SOL. BICARBONATO DE SODIO 8,4% DE 250 ML",Solução,Injetável,Não,Não Antibiótico,,Próprio hospital
SOLUÇÃO CRISTALÓIDE DE ELETRÓLITOS,Solução,Intravenosa,Não,Não Antibiótico,,Próprio hospital
SOLUÇÃO DIALITICA C/ BICARBONATO C/ POTASSIO,Solução,Intravenosa,Não,Não Antibiótico,,Próprio hospital
SOLUÇÃO ELETROLÍTICA (DUOSOL) 2 MMOL DE POTÁSSIO BOLSA 5L,Solução,Intravenosa,Não,Não Antibiótico,,Próprio hospital
SOLUÇÃO P/ HEMODIALISE FRAÇÃO ÁCIDA,Solução,Intravenosa,Não,Não Antibiótico,,Próprio hospital
SOLUÇÃO P/ HEMODIALISE FRAÇÃO BÁSICA,Solução,Intravenosa,Não,Não Antibiótico,,Próprio hospital
SOLUÇÃO P/ USO CUTÂNEO SPRAY,Solução,Tópica,Não,Não Antibiótico,,Próprio hospital
SOLUÇÃO PARA CONSERVAÇÃO DE ÓRGÃOS (HTK),Solução,Intravenosa,Não,Não Antibiótico,,Próprio hospital
SOLUÇÃO PARA FERIDAS (POLIHEXANIDA E BETAÍNA),Solução,Intravenosa,Não,Não Antibiótico,,Próprio hospital
SOLUÇÃO REPOSIÇÃO DE CÁLCIO C/ SERINGA,Solução,Intravenosa,Não,Não Antibiótico,,Próprio hospital
SOLUCAO SALINA BALANCEADA 500 ML,Frasco,Ocular,Não,Não Antibiótico,,Próprio hospital
SOLUCAO SALINA BALANCEADA FRASCO 500 ML,Frasco,Ocular,Não,Não Antibiótico,,Próprio hospital
SORBITOL 3% 3000ML,Solução,Retal,Não,Não Antibiótico,,Próprio hospital
SUFENTANILA CITRATO 5 MCG/ML USO ESPINHAL 2 ML,Ampola,Espinhal,Não,Não Antibiótico,,Próprio hospital
SUFENTANILA CITRATO 50 MCG/ML COM 1 ML,Comprimido,Oral,Não,Não Antibiótico,,Próprio hospital
SUGAMADEX 100MG/ML AMPOLA 2ML INJETÁVEL,Ampola,Injetáveis,Não,Não Antibiótico,,Próprio hospital
SULFADIAZINA DE PRATA 1% CREME BISNAGA 30G,Creme,Tópica,Não,Não Antibiótico,,Próprio hospital
SULFADIAZINA DE PRATA 1% CREME POTE 400G,Creme,Tópica,Não,Não Antibiótico,,Próprio hospital
SULFAMETOXAZOL + TRIMETOPRIM 400MG+80MG COMP,Comprimido,Oral,Sim,Antibiótico,,Próprio hospital
SULFAMETOXAZOL+TRIMETOPRIMA 80MG/ML+16MG/ML  5ML AMPOLA,Ampola,Injetáveis,Sim,Antibiótico,,Próprio hospital
SULFATO DE MAGNÉSIO 10% - (AMPOLA 10ML),Ampola,Injetáveis,Não,Não Antibiótico,,Próprio hospital
"SULFATO DE MAGNESIO 50% 4,05 MEQ/ML 10 ML AMP",Ampola,Injetáveis,Não,Não Antibiótico,,Próprio hospital
SULFATO FERROSO 109 MG (40 MG FE ELEMENTAR),Comprimido,Oral,Não,Não Antibiótico,,Próprio hospital
SUXAMETONIO CLORETO 100MG,Pó,Injetável,Não,Não Antibiótico,,Próprio hospital
TAMOXIFENO 20MG COMP.,Comprimido,Oral,Não,Não Antibiótico,,Próprio hospital
TEICOPLANINA 400 MG AMP E.V.,Ampola,Injetáveis,Sim,Antibiótico,,Próprio hospital
TENOXICAM 10MG/ML FR/AMP 2ML,Ampola,Injetáveis,Não,Não Antibiótico,,Próprio hospital
TERLIPRESSINA  1MG/FRA,Frasco,Injetáveis,Não,Não Antibiótico,,Próprio hospital
TIGECICLINA 50MG INJETAVEL,Injetáveis,Injetáveis,Sim,Antibiótico,,Próprio hospital
TIOPENTAL SODICO C/1 GR DE PO FR/AMP,Frasco,Injetáveis,Não,Não Antibiótico,,Próprio hospital
TOBRAMICINA COLIRIO 5ML FRASCO,Frasco,Injetáveis,Sim,Antibiótico,,Próprio hospital
TOCILIZUMABE 20MG/ML - 10ML,Frasco,Injetável,Não,Não Antibiótico,,Próprio hospital
TOPIRAMATO 25MG COMPRIMIDO,Comprimido,Oral,Não,Não Antibiótico,,Próprio hospital
TOPIRAMATO 50MG COMPRIMIDO,Comprimido,Oral,Não,Não Antibiótico,,Próprio hospital
TOPOTECANO 4MG,Pó,Injetável,Não,Não Antibiótico,,Próprio hospital
TRAMADOL 50 MG CAPSULA,Comprimido,Oral,Não,Não Antibiótico,,Próprio hospital
TRAMADOL 50 MG/ML AMPOLA 2 ML,Ampola,Injetável,Não,Não Antibiótico,,Próprio hospital
TRAMADOL 50MG AMPOLA 1ML,Ampola,Injetável,Não,Não Antibiótico,,Próprio hospital
"TRIANCINOLONA A 0,1% ORABASE 10GR POM.TB",Tubo,Tópica,Não,Não Antibiótico,,Próprio hospital
TRIANCINOLONA ACETONIDA 40MG /ML AMPOLA 1 ML,Ampola,Injetável,Não,Não Antibiótico,,Próprio hospital
TROPICAMIDA 1% SOL. OFTALM. FR,Frasco,Oftálmica,Não,Não Antibiótico,,Próprio hospital
VALPROATO DE SÓDIO 50 MG/ML XAROPE,Frasco,Oral,Não,Não Antibiótico,,Próprio hospital
VALSARTANA 80MG,Comprimido,Oral,Não,Não Antibiótico,,Próprio hospital
VANCOMICINA CLORIDRATO 500 MG PO,Pó,Injetável,Sim,Antibiótico,,Próprio hospital
VARFARINA 5MG,Comprimido,Oral,Não,Não Antibiótico,,Próprio hospital
VASELINA SOLIDA,Gel,Tópica,Não,Não Antibiótico,,Próprio hospital
VASOPRESSINA 20 UI/ML 1 ML AMP,Injetável,Injetável,Não,Não Antibiótico,,Próprio hospital
VEDOLIZUMABE 300 MG,Pó,Injetável,Não,Não Antibiótico,,Doado
VINCRISTINA 1 MG/ ML FR/AMP,Frasco,Injetável,Não,Não Antibiótico,,Próprio hospital
VINORELBINA 10 MG,Solução,Injetável,Não,Não Antibiótico,,Próprio hospital
VINORELBINA 50MG,Solução,Injetável,Não,Não Antibiótico,,Próprio hospital
VISCOELASTICO,Material,Material,Não,Não Antibiótico,,Próprio hospital
VITAMINA B1 TIAMINA 100 MG/ML,Solução,Injetável,Não,Não Antibiótico,,Próprio hospital
VITAMINA C 100 MG/ML 5 ML AMP,Ampola,Injetável,Não,Não Antibiótico,,Próprio hospital
VITAMINA COMPLEXO B 2 ML SOL. INJ. AMP,Ampola,Injetável,Não,Não Antibiótico,,Próprio hospital
VITAMINA COMPLEXO B COMP. REVESTIDO,Comprimido,Oral,Não,Não Antibiótico,,Próprio hospital
VORICONAZOL 200MG COMP,Comprimido,Oral,Não,Não Antibiótico,,Próprio hospital